timestamp,temp_mean,temp_std,temp_min,temp_max,hum_mean,hum_std,hum_min,hum_max
1970-01-01 00:00:14,30.9,0.0,30.9,30.9,87.2,0.0,87.2,87.2
1970-01-01 00:00:15,30.9,0.0,30.9,30.9,86.7,0.0,86.7,86.7
1970-01-01 00:00:17,0.0,0.0,0.0,0.0,0.0,0.0,0.0,0.0
1970-01-01 00:00:18,30.8,0.0,30.8,30.8,86.3,0.0,86.3,86.3
1970-01-01 00:00:19,30.8,0.0,30.8,30.8,86.4,0.0,86.4,86.4
1970-01-01 00:00:20,30.8,0.0,30.8,30.8,86.4,0.0,86.4,86.4
1970-01-01 00:00:21,30.8,0.0,30.8,30.8,86.3,0.0,86.3,86.3
1970-01-01 00:00:22,30.8,0.0,30.8,30.8,86.4,0.0,86.4,86.4
1970-01-01 00:00:23,30.8,0.0,30.8,30.8,86.4,0.0,86.4,86.4
1970-01-01 00:00:24,30.8,0.0,30.8,30.8,86.4,0.0,86.4,86.4
1970-01-01 00:00:26,0.0,0.0,0.0,0.0,0.0,0.0,0.0,0.0
1970-01-01 00:00:27,30.8,0.0,30.8,30.8,86.4,0.0,86.4,86.4
1970-01-01 00:00:28,30.9,0.0,30.9,30.9,86.5,0.0,86.5,86.5
1970-01-01 00:00:29,30.9,0.0,30.9,30.9,86.4,0.0,86.4,86.4
1970-01-01 00:00:30,30.8,0.0,30.8,30.8,86.0,0.0,86.0,86.0
1970-01-01 00:00:31,30.9,0.0,30.9,30.9,85.9,0.0,85.9,85.9
1970-01-01 00:00:32,0.0,0.0,0.0,0.0,0.0,0.0,0.0,0.0
1970-01-01 00:00:33,0.0,0.0,0.0,0.0,0.0,0.0,0.0,0.0
1970-01-01 00:00:34,30.8,0.0,30.8,30.8,85.7,0.0,85.7,85.7
1970-01-01 00:00:36,30.8,0.0,30.8,30.8,85.7,0.0,85.7,85.7
1970-01-01 00:00:37,30.9,0.0,30.9,30.9,85.7,0.0,85.7,85.7
1970-01-01 00:00:38,30.8,0.0,30.8,30.8,85.6,0.0,85.6,85.6
1970-01-01 00:00:39,30.8,0.0,30.8,30.8,85.5,0.0,85.5,85.5
1970-01-01 00:00:40,30.8,0.0,30.8,30.8,85.6,0.0,85.6,85.6
1970-01-01 00:00:41,30.9,0.0,30.9,30.9,86.2,0.0,86.2,86.2
1970-01-01 00:00:42,30.8,0.0,30.8,30.8,85.9,0.0,85.9,85.9
1970-01-01 00:00:43,61.7,0.0,61.7,61.7,171.6,0.0,171.6,171.6
1970-01-01 00:00:44,30.9,0.0,30.9,30.9,85.9,0.0,85.9,85.9
1970-01-01 00:00:46,0.0,0.0,0.0,0.0,0.0,0.0,0.0,0.0
1970-01-01 00:00:47,30.9,0.0,30.9,30.9,86.4,0.0,86.4,86.4
1970-01-01 00:00:48,30.8,0.0,30.8,30.8,86.4,0.0,86.4,86.4
1970-01-01 00:00:49,0.0,0.0,0.0,0.0,0.0,0.0,0.0,0.0
1970-01-01 00:00:50,30.8,0.0,30.8,30.8,86.2,0.0,86.2,86.2
1970-01-01 00:00:51,30.8,0.0,30.8,30.8,86.1,0.0,86.1,86.1
1970-01-01 00:00:52,30.9,0.0,30.9,30.9,86.1,0.0,86.1,86.1
1970-01-01 00:00:53,30.8,0.0,30.8,30.8,86.0,0.0,86.0,86.0
1970-01-01 00:00:55,30.9,0.0,30.9,30.9,86.6,0.0,86.6,86.6
1970-01-01 00:00:56,30.9,0.0,30.9,30.9,89.1,0.0,89.1,89.1
1970-01-01 00:00:57,30.9,0.0,30.9,30.9,89.7,0.0,89.7,89.7
1970-01-01 00:00:58,30.9,0.0,30.9,30.9,89.4,0.0,89.4,89.4
1970-01-01 00:00:59,30.9,0.0,30.9,30.9,88.2,0.0,88.2,88.2
1970-01-01 00:01:00,30.9,0.0,30.9,30.9,87.6,0.0,87.6,87.6
1970-01-01 00:01:01,30.9,0.0,30.9,30.9,87.0,0.0,87.0,87.0
1970-01-01 00:01:02,30.9,0.0,30.9,30.9,86.5,0.0,86.5,86.5
1970-01-01 00:01:04,0.0,0.0,0.0,0.0,0.0,0.0,0.0,0.0
1970-01-01 00:01:05,30.9,0.0,30.9,30.9,86.1,0.0,86.1,86.1
1970-01-01 00:01:06,30.9,0.0,30.9,30.9,85.9,0.0,85.9,85.9
1970-01-01 00:01:07,30.9,0.0,30.9,30.9,87.1,0.0,87.1,87.1
1970-01-01 00:01:08,0.0,0.0,0.0,0.0,0.0,0.0,0.0,0.0
1970-01-01 00:01:09,30.9,0.0,30.9,30.9,89.4,0.0,89.4,89.4
1970-01-01 00:01:10,30.9,0.0,30.9,30.9,89.3,0.0,89.3,89.3
1970-01-01 00:01:11,30.9,0.0,30.9,30.9,88.2,0.0,88.2,88.2
1970-01-01 00:01:13,30.9,0.0,30.9,30.9,87.0,0.0,87.0,87.0
1970-01-01 00:01:14,30.9,0.0,30.9,30.9,86.4,0.0,86.4,86.4
1970-01-01 00:01:15,31.0,0.0,31.0,31.0,86.3,0.0,86.3,86.3
1970-01-01 00:01:16,0.0,0.0,0.0,0.0,0.0,0.0,0.0,0.0
1970-01-01 00:01:17,30.9,0.0,30.9,30.9,85.7,0.0,85.7,85.7
1970-01-01 00:01:18,31.0,0.0,31.0,31.0,89.4,0.0,89.4,89.4
1970-01-01 00:01:20,31.0,0.0,31.0,31.0,93.6,0.0,93.6,93.6
1970-01-01 00:01:21,0.0,0.0,0.0,0.0,0.0,0.0,0.0,0.0
1970-01-01 00:01:22,31.0,0.0,31.0,31.0,97.8,0.0,97.8,97.8
1970-01-01 00:01:23,31.0,0.0,31.0,31.0,95.4,0.0,95.4,95.4
1970-01-01 00:01:24,31.1,0.0,31.1,31.1,94.1,0.0,94.1,94.1
1970-01-01 00:01:25,31.1,0.0,31.1,31.1,92.1,0.0,92.1,92.1
1970-01-01 00:01:26,31.1,0.0,31.1,31.1,91.0,0.0,91.0,91.0
1970-01-01 00:01:27,31.1,0.0,31.1,31.1,90.5,0.0,90.5,90.5
1970-01-01 00:01:29,31.1,0.0,31.1,31.1,89.1,0.0,89.1,89.1
1970-01-01 00:01:30,31.1,0.0,31.1,31.1,88.2,0.0,88.2,88.2
1970-01-01 00:01:31,31.1,0.0,31.1,31.1,87.4,0.0,87.4,87.4
1970-01-01 00:01:32,31.1,0.0,31.1,31.1,87.0,0.0,87.0,87.0
1970-01-01 00:01:33,31.2,0.0,31.2,31.2,86.6,0.0,86.6,86.6
1970-01-01 00:01:34,31.1,0.0,31.1,31.1,86.1,0.0,86.1,86.1
1970-01-01 00:01:35,0.0,0.0,0.0,0.0,0.0,0.0,0.0,0.0
1970-01-01 00:01:37,31.1,0.0,31.1,31.1,85.3,0.0,85.3,85.3
1970-01-01 00:01:38,31.2,0.0,31.2,31.2,85.0,0.0,85.0,85.0
1970-01-01 00:01:39,31.2,0.0,31.2,31.2,84.8,0.0,84.8,84.8
1970-01-01 00:01:40,31.2,0.0,31.2,31.2,84.7,0.0,84.7,84.7
1970-01-01 00:01:41,31.2,0.0,31.2,31.2,84.4,0.0,84.4,84.4
1970-01-01 00:01:42,31.2,0.0,31.2,31.2,84.2,0.0,84.2,84.2
1970-01-01 00:01:43,31.2,0.0,31.2,31.2,84.1,0.0,84.1,84.1
1970-01-01 00:01:45,31.2,0.0,31.2,31.2,84.1,0.0,84.1,84.1
1970-01-01 00:01:46,31.2,0.0,31.2,31.2,84.0,0.0,84.0,84.0
1970-01-01 00:01:47,31.2,0.0,31.2,31.2,83.9,0.0,83.9,83.9
1970-01-01 00:01:48,31.2,0.0,31.2,31.2,83.9,0.0,83.9,83.9
1970-01-01 00:01:49,31.2,0.0,31.2,31.2,83.8,0.0,83.8,83.8
1970-01-01 00:01:50,31.2,0.0,31.2,31.2,83.7,0.0,83.7,83.7
1970-01-01 00:01:52,31.2,0.0,31.2,31.2,83.6,0.0,83.6,83.6
1970-01-01 00:01:53,31.2,0.0,31.2,31.2,83.6,0.0,83.6,83.6
1970-01-01 00:01:54,31.2,0.0,31.2,31.2,83.5,0.0,83.5,83.5
1970-01-01 00:01:55,31.2,0.0,31.2,31.2,83.5,0.0,83.5,83.5
1970-01-01 00:01:56,31.2,0.0,31.2,31.2,83.4,0.0,83.4,83.4
1970-01-01 00:01:57,31.2,0.0,31.2,31.2,83.4,0.0,83.4,83.4
1970-01-01 00:01:58,31.2,0.0,31.2,31.2,83.4,0.0,83.4,83.4
1970-01-01 00:02:00,0.0,0.0,0.0,0.0,0.0,0.0,0.0,0.0
1970-01-01 00:02:01,31.2,0.0,31.2,31.2,83.2,0.0,83.2,83.2
1970-01-01 00:02:02,31.2,0.0,31.2,31.2,83.1,0.0,83.1,83.1
1970-01-01 00:02:03,0.0,0.0,0.0,0.0,0.0,0.0,0.0,0.0
1970-01-01 00:02:04,31.2,0.0,31.2,31.2,83.0,0.0,83.0,83.0
1970-01-01 00:02:06,31.2,0.0,31.2,31.2,83.0,0.0,83.0,83.0
1970-01-01 00:02:07,31.2,0.0,31.2,31.2,83.1,0.0,83.1,83.1
1970-01-01 00:02:08,31.2,0.0,31.2,31.2,83.2,0.0,83.2,83.2
1970-01-01 00:02:09,0.0,0.0,0.0,0.0,0.0,0.0,0.0,0.0
1970-01-01 00:02:10,31.2,0.0,31.2,31.2,83.2,0.0,83.2,83.2
1970-01-01 00:02:12,31.2,0.0,31.2,31.2,83.2,0.0,83.2,83.2
1970-01-01 00:02:13,31.2,0.0,31.2,31.2,83.2,0.0,83.2,83.2
1970-01-01 00:02:14,31.2,0.0,31.2,31.2,83.1,0.0,83.1,83.1
1970-01-01 00:02:15,31.2,0.0,31.2,31.2,83.0,0.0,83.0,83.0
1970-01-01 00:02:16,31.2,0.0,31.2,31.2,83.0,0.0,83.0,83.0
1970-01-01 00:02:17,31.2,0.0,31.2,31.2,82.9,0.0,82.9,82.9
1970-01-01 00:02:18,31.2,0.0,31.2,31.2,82.9,0.0,82.9,82.9
1970-01-01 00:02:20,31.2,0.0,31.2,31.2,82.9,0.0,82.9,82.9
1970-01-01 00:02:21,31.2,0.0,31.2,31.2,82.8,0.0,82.8,82.8
1970-01-01 00:02:22,31.2,0.0,31.2,31.2,82.8,0.0,82.8,82.8
1970-01-01 00:02:23,31.2,0.0,31.2,31.2,82.7,0.0,82.7,82.7
1970-01-01 00:02:24,0.0,0.0,0.0,0.0,0.0,0.0,0.0,0.0
1970-01-01 00:02:25,31.2,0.0,31.2,31.2,82.8,0.0,82.8,82.8
1970-01-01 00:02:26,31.2,0.0,31.2,31.2,82.9,0.0,82.9,82.9
1970-01-01 00:02:28,31.2,0.0,31.2,31.2,82.9,0.0,82.9,82.9
1970-01-01 00:02:29,31.2,0.0,31.2,31.2,82.8,0.0,82.8,82.8
1970-01-01 00:02:30,31.2,0.0,31.2,31.2,82.8,0.0,82.8,82.8
1970-01-01 00:02:31,31.2,0.0,31.2,31.2,82.9,0.0,82.9,82.9
1970-01-01 00:02:32,31.2,0.0,31.2,31.2,82.8,0.0,82.8,82.8
1970-01-01 00:02:34,31.2,0.0,31.2,31.2,82.8,0.0,82.8,82.8
1970-01-01 00:02:35,31.2,0.0,31.2,31.2,82.8,0.0,82.8,82.8
1970-01-01 00:02:36,31.2,0.0,31.2,31.2,82.7,0.0,82.7,82.7
1970-01-01 00:02:37,31.2,0.0,31.2,31.2,82.7,0.0,82.7,82.7
1970-01-01 00:02:38,31.2,0.0,31.2,31.2,90.1,0.0,90.1,90.1
1970-01-01 00:02:39,31.2,0.0,31.2,31.2,95.3,0.0,95.3,95.3
1970-01-01 00:02:41,31.2,0.0,31.2,31.2,97.7,0.0,97.7,97.7
1970-01-01 00:02:42,31.3,0.0,31.3,31.3,97.3,0.0,97.3,97.3
1970-01-01 00:02:43,0.0,0.0,0.0,0.0,0.0,0.0,0.0,0.0
1970-01-01 00:02:44,31.3,0.0,31.3,31.3,91.3,0.0,91.3,91.3
1970-01-01 00:02:45,31.3,0.0,31.3,31.3,90.6,0.0,90.6,90.6
1970-01-01 00:02:46,31.3,0.0,31.3,31.3,90.9,0.0,90.9,90.9
1970-01-01 00:02:47,31.3,0.0,31.3,31.3,91.9,0.0,91.9,91.9
1970-01-01 00:02:49,31.3,0.0,31.3,31.3,91.5,0.0,91.5,91.5
1970-01-01 00:02:50,31.6,0.0,31.6,31.6,99.9,0.0,99.9,99.9
1970-01-01 00:02:51,32.3,0.0,32.3,32.3,99.9,0.0,99.9,99.9
1970-01-01 00:02:52,32.4,0.0,32.4,32.4,99.9,0.0,99.9,99.9
1970-01-01 00:02:53,32.3,0.0,32.3,32.3,99.9,0.0,99.9,99.9
1970-01-01 00:02:54,32.3,0.0,32.3,32.3,99.9,0.0,99.9,99.9
1970-01-01 00:02:56,32.1,0.0,32.1,32.1,99.9,0.0,99.9,99.9
1970-01-01 00:02:57,32.1,0.0,32.1,32.1,99.9,0.0,99.9,99.9
1970-01-01 00:02:58,32.0,0.0,32.0,32.0,99.9,0.0,99.9,99.9
1970-01-01 00:02:59,31.8,0.0,31.8,31.8,99.9,0.0,99.9,99.9
1970-01-01 00:03:00,31.7,0.0,31.7,31.7,99.9,0.0,99.9,99.9
1970-01-01 00:03:01,31.6,0.0,31.6,31.6,99.9,0.0,99.9,99.9
1970-01-01 00:03:02,31.6,0.0,31.6,31.6,99.9,0.0,99.9,99.9
1970-01-01 00:03:03,31.6,0.0,31.6,31.6,99.9,0.0,99.9,99.9
1970-01-01 00:03:05,0.0,0.0,0.0,0.0,0.0,0.0,0.0,0.0
1970-01-01 00:03:06,31.5,0.0,31.5,31.5,99.9,0.0,99.9,99.9
1970-01-01 00:03:07,63.0,0.0,63.0,63.0,199.8,0.0,199.8,199.8
1970-01-01 00:03:08,31.5,0.0,31.5,31.5,99.9,0.0,99.9,99.9
1970-01-01 00:03:09,31.6,0.0,31.6,31.6,99.9,0.0,99.9,99.9
1970-01-01 00:00:14,31.1,0.0,31.1,31.1,84.8,0.0,84.8,84.8
1970-01-01 00:00:15,0.0,0.0,0.0,0.0,0.0,0.0,0.0,0.0
1970-01-01 00:00:16,31.1,0.0,31.1,31.1,85.6,0.0,85.6,85.6
1970-01-01 00:00:17,31.0,0.0,31.0,31.0,85.5,0.0,85.5,85.5
1970-01-01 00:00:19,31.0,0.0,31.0,31.0,85.8,0.0,85.8,85.8
1970-01-01 00:00:20,31.1,0.0,31.1,31.1,85.9,0.0,85.9,85.9
1970-01-01 00:00:21,31.1,0.0,31.1,31.1,85.8,0.0,85.8,85.8
1970-01-01 00:00:22,31.0,0.0,31.0,31.0,85.5,0.0,85.5,85.5
1970-01-01 00:00:23,31.0,0.0,31.0,31.0,85.3,0.0,85.3,85.3
1970-01-01 00:00:24,31.0,0.0,31.0,31.0,85.3,0.0,85.3,85.3
1970-01-01 00:00:26,31.1,0.0,31.1,31.1,85.2,0.0,85.2,85.2
1970-01-01 00:00:27,31.0,0.0,31.0,31.0,85.0,0.0,85.0,85.0
1970-01-01 00:00:28,31.0,0.0,31.0,31.0,85.0,0.0,85.0,85.0
1970-01-01 00:00:29,31.0,0.0,31.0,31.0,84.9,0.0,84.9,84.9
1970-01-01 00:00:30,31.0,0.0,31.0,31.0,84.8,0.0,84.8,84.8
1970-01-01 00:00:31,31.0,0.0,31.0,31.0,84.8,0.0,84.8,84.8
1970-01-01 00:00:32,31.0,0.0,31.0,31.0,84.9,0.0,84.9,84.9
1970-01-01 00:00:34,31.0,0.0,31.0,31.0,84.9,0.0,84.9,84.9
1970-01-01 00:00:35,31.0,0.0,31.0,31.0,84.7,0.0,84.7,84.7
1970-01-01 00:00:36,31.0,0.0,31.0,31.0,84.6,0.0,84.6,84.6
1970-01-01 00:00:37,31.0,0.0,31.0,31.0,84.7,0.0,84.7,84.7
1970-01-01 00:00:38,31.0,0.0,31.0,31.0,84.8,0.0,84.8,84.8
1970-01-01 00:00:39,31.0,0.0,31.0,31.0,84.7,0.0,84.7,84.7
1970-01-01 00:00:40,31.0,0.0,31.0,31.0,84.7,0.0,84.7,84.7
1970-01-01 00:00:42,31.0,0.0,31.0,31.0,84.9,0.0,84.9,84.9
1970-01-01 00:00:43,31.0,0.0,31.0,31.0,84.9,0.0,84.9,84.9
1970-01-01 00:00:44,31.0,0.0,31.0,31.0,84.8,0.0,84.8,84.8
1970-01-01 00:00:45,31.0,0.0,31.0,31.0,84.8,0.0,84.8,84.8
1970-01-01 00:00:46,31.0,0.0,31.0,31.0,84.8,0.0,84.8,84.8
1970-01-01 00:00:47,31.0,0.0,31.0,31.0,84.7,0.0,84.7,84.7
1970-01-01 00:00:49,0.0,0.0,0.0,0.0,0.0,0.0,0.0,0.0
1970-01-01 00:00:50,31.0,0.0,31.0,31.0,85.0,0.0,85.0,85.0
1970-01-01 00:00:51,31.0,0.0,31.0,31.0,85.0,0.0,85.0,85.0
1970-01-01 00:00:52,31.0,0.0,31.0,31.0,85.0,0.0,85.0,85.0
1970-01-01 00:00:53,31.0,0.0,31.0,31.0,85.0,0.0,85.0,85.0
1970-01-01 00:00:54,31.0,0.0,31.0,31.0,85.0,0.0,85.0,85.0
1970-01-01 00:00:55,31.0,0.0,31.0,31.0,84.9,0.0,84.9,84.9
1970-01-01 00:00:57,31.0,0.0,31.0,31.0,84.9,0.0,84.9,84.9
1970-01-01 00:00:58,31.0,0.0,31.0,31.0,85.4,0.0,85.4,85.4
1970-01-01 00:00:59,31.0,0.0,31.0,31.0,85.8,0.0,85.8,85.8
1970-01-01 00:01:01,31.0,0.0,31.0,31.0,85.5,0.0,85.5,85.5
1970-01-01 00:01:02,31.0,0.0,31.0,31.0,85.6,0.0,85.6,85.6
1970-01-01 00:01:03,31.0,0.0,31.0,31.0,85.5,0.0,85.5,85.5
1970-01-01 00:01:04,31.0,0.0,31.0,31.0,85.1,0.0,85.1,85.1
1970-01-01 00:01:05,31.0,0.0,31.0,31.0,85.1,0.0,85.1,85.1
1970-01-01 00:01:07,31.0,0.0,31.0,31.0,85.2,0.0,85.2,85.2
1970-01-01 00:01:08,31.0,0.0,31.0,31.0,85.4,0.0,85.4,85.4
1970-01-01 00:01:09,0.0,0.0,0.0,0.0,0.0,0.0,0.0,0.0
1970-01-01 00:01:10,31.0,0.0,31.0,31.0,88.9,0.0,88.9,88.9
1970-01-01 00:01:11,31.1,0.0,31.1,31.1,90.0,0.0,90.0,90.0
1970-01-01 00:01:12,31.0,0.0,31.0,31.0,90.0,0.0,90.0,90.0
1970-01-01 00:01:13,31.0,0.0,31.0,31.0,89.8,0.0,89.8,89.8
1970-01-01 00:01:15,31.1,0.0,31.1,31.1,89.9,0.0,89.9,89.9
1970-01-01 00:01:16,31.1,0.0,31.1,31.1,89.6,0.0,89.6,89.6
1970-01-01 00:01:17,31.1,0.0,31.1,31.1,89.2,0.0,89.2,89.2
1970-01-01 00:01:18,31.1,0.0,31.1,31.1,89.0,0.0,89.0,89.0
1970-01-01 00:01:20,0.0,0.0,0.0,0.0,0.0,0.0,0.0,0.0
1970-01-01 00:01:21,31.1,0.0,31.1,31.1,88.0,0.0,88.0,88.0
1970-01-01 00:01:22,31.1,0.0,31.1,31.1,86.8,0.0,86.8,86.8
1970-01-01 00:01:23,31.1,0.0,31.1,31.1,85.9,0.0,85.9,85.9
1970-01-01 00:01:24,31.1,0.0,31.1,31.1,85.6,0.0,85.6,85.6
1970-01-01 00:01:26,31.1,0.0,31.1,31.1,85.3,0.0,85.3,85.3
1970-01-01 00:01:27,0.0,0.0,0.0,0.0,0.0,0.0,0.0,0.0
1970-01-01 00:01:28,31.1,0.0,31.1,31.1,85.0,0.0,85.0,85.0
1970-01-01 00:01:29,31.0,0.0,31.0,31.0,84.7,0.0,84.7,84.7
1970-01-01 00:01:30,31.0,0.0,31.0,31.0,84.6,0.0,84.6,84.6
1970-01-01 00:01:31,31.1,0.0,31.1,31.1,84.7,0.0,84.7,84.7
1970-01-01 00:01:33,31.1,0.0,31.1,31.1,85.0,0.0,85.0,85.0
1970-01-01 00:01:34,31.1,0.0,31.1,31.1,84.9,0.0,84.9,84.9
1970-01-01 00:01:35,31.1,0.0,31.1,31.1,85.0,0.0,85.0,85.0
1970-01-01 00:01:36,31.1,0.0,31.1,31.1,85.0,0.0,85.0,85.0
1970-01-01 00:01:38,31.0,0.0,31.0,31.0,85.0,0.0,85.0,85.0
1970-01-01 00:01:39,31.1,0.0,31.1,31.1,85.2,0.0,85.2,85.2
1970-01-01 00:01:40,31.0,0.0,31.0,31.0,85.1,0.0,85.1,85.1
1970-01-01 00:01:41,31.1,0.0,31.1,31.1,85.1,0.0,85.1,85.1
1970-01-01 00:01:42,31.1,0.0,31.1,31.1,85.1,0.0,85.1,85.1
1970-01-01 00:01:44,31.1,0.0,31.1,31.1,85.1,0.0,85.1,85.1
1970-01-01 00:01:45,31.0,0.0,31.0,31.0,84.9,0.0,84.9,84.9
1970-01-01 00:01:46,31.0,0.0,31.0,31.0,84.9,0.0,84.9,84.9
1970-01-01 00:01:47,31.1,0.0,31.1,31.1,85.2,0.0,85.2,85.2
1970-01-01 00:01:48,31.1,0.0,31.1,31.1,85.4,0.0,85.4,85.4
1970-01-01 00:01:50,31.1,0.0,31.1,31.1,85.5,0.0,85.5,85.5
1970-01-01 00:01:51,31.0,0.0,31.0,31.0,85.3,0.0,85.3,85.3
1970-01-01 00:01:52,31.1,0.0,31.1,31.1,85.4,0.0,85.4,85.4
1970-01-01 00:01:53,31.1,0.0,31.1,31.1,85.3,0.0,85.3,85.3
1970-01-01 00:01:54,31.1,0.0,31.1,31.1,85.3,0.0,85.3,85.3
1970-01-01 00:01:56,31.1,0.0,31.1,31.1,85.4,0.0,85.4,85.4
1970-01-01 00:01:57,31.1,0.0,31.1,31.1,85.5,0.0,85.5,85.5
1970-01-01 00:01:58,31.1,0.0,31.1,31.1,85.5,0.0,85.5,85.5
1970-01-01 00:01:59,31.0,0.0,31.0,31.0,85.4,0.0,85.4,85.4
1970-01-01 00:02:00,31.0,0.0,31.0,31.0,85.5,0.0,85.5,85.5
1970-01-01 00:02:02,0.0,0.0,0.0,0.0,0.0,0.0,0.0,0.0
1970-01-01 00:02:03,31.1,0.0,31.1,31.1,85.0,0.0,85.0,85.0
1970-01-01 00:02:04,31.0,0.0,31.0,31.0,84.8,0.0,84.8,84.8
1970-01-01 00:02:05,31.0,0.0,31.0,31.0,84.9,0.0,84.9,84.9
1970-01-01 00:02:06,31.1,0.0,31.1,31.1,85.0,0.0,85.0,85.0
1970-01-01 00:02:08,31.0,0.0,31.0,31.0,85.3,0.0,85.3,85.3
1970-01-01 00:02:09,31.0,0.0,31.0,31.0,85.3,0.0,85.3,85.3
1970-01-01 00:02:10,31.1,0.0,31.1,31.1,85.4,0.0,85.4,85.4
1970-01-01 00:02:11,31.0,0.0,31.0,31.0,85.1,0.0,85.1,85.1
1970-01-01 00:02:12,31.0,0.0,31.0,31.0,84.9,0.0,84.9,84.9
1970-01-01 00:02:14,31.0,0.0,31.0,31.0,84.8,0.0,84.8,84.8
1970-01-01 00:02:15,31.1,0.0,31.1,31.1,84.7,0.0,84.7,84.7
1970-01-01 00:02:16,31.1,0.0,31.1,31.1,84.7,0.0,84.7,84.7
1970-01-01 00:02:17,31.0,0.0,31.0,31.0,84.5,0.0,84.5,84.5
1970-01-01 00:02:18,31.0,0.0,31.0,31.0,84.5,0.0,84.5,84.5
1970-01-01 00:02:20,31.0,0.0,31.0,31.0,84.5,0.0,84.5,84.5
1970-01-01 00:02:21,31.0,0.0,31.0,31.0,84.5,0.0,84.5,84.5
1970-01-01 00:02:22,31.0,0.0,31.0,31.0,84.5,0.0,84.5,84.5
1970-01-01 00:02:23,31.0,0.0,31.0,31.0,85.1,0.0,85.1,85.1
1970-01-01 00:02:24,31.1,0.0,31.1,31.1,85.8,0.0,85.8,85.8
1970-01-01 00:02:26,31.0,0.0,31.0,31.0,86.2,0.0,86.2,86.2
1970-01-01 00:02:27,31.0,0.0,31.0,31.0,85.6,0.0,85.6,85.6
1970-01-01 00:02:28,31.1,0.0,31.1,31.1,85.2,0.0,85.2,85.2
1970-01-01 00:02:29,31.0,0.0,31.0,31.0,84.8,0.0,84.8,84.8
1970-01-01 00:02:31,31.0,0.0,31.0,31.0,84.6,0.0,84.6,84.6
1970-01-01 00:02:32,31.0,0.0,31.0,31.0,84.5,0.0,84.5,84.5
1970-01-01 00:02:33,31.0,0.0,31.0,31.0,84.4,0.0,84.4,84.4
1970-01-01 00:02:34,31.0,0.0,31.0,31.0,84.3,0.0,84.3,84.3
1970-01-01 00:02:35,31.1,0.0,31.1,31.1,84.3,0.0,84.3,84.3
1970-01-01 00:02:36,31.1,0.0,31.1,31.1,84.3,0.0,84.3,84.3
1970-01-01 00:02:38,31.0,0.0,31.0,31.0,84.2,0.0,84.2,84.2
1970-01-01 00:02:39,31.0,0.0,31.0,31.0,84.2,0.0,84.2,84.2
1970-01-01 00:02:41,31.0,0.0,31.0,31.0,84.2,0.0,84.2,84.2
1970-01-01 00:02:42,31.0,0.0,31.0,31.0,84.2,0.0,84.2,84.2
1970-01-01 00:02:43,31.0,0.0,31.0,31.0,84.2,0.0,84.2,84.2
1970-01-01 00:02:44,31.0,0.0,31.0,31.0,84.9,0.0,84.9,84.9
1970-01-01 00:02:46,31.0,0.0,31.0,31.0,85.3,0.0,85.3,85.3
1970-01-01 00:02:47,31.0,0.0,31.0,31.0,85.3,0.0,85.3,85.3
1970-01-01 00:02:48,31.0,0.0,31.0,31.0,84.9,0.0,84.9,84.9
1970-01-01 00:02:49,31.1,0.0,31.1,31.1,84.8,0.0,84.8,84.8
1970-01-01 00:02:50,31.0,0.0,31.0,31.0,84.6,0.0,84.6,84.6
1970-01-01 00:02:52,31.0,0.0,31.0,31.0,84.6,0.0,84.6,84.6
1970-01-01 00:02:53,31.0,0.0,31.0,31.0,84.7,0.0,84.7,84.7
1970-01-01 00:02:54,31.0,0.0,31.0,31.0,84.5,0.0,84.5,84.5
1970-01-01 00:02:55,0.0,0.0,0.0,0.0,0.0,0.0,0.0,0.0
1970-01-01 00:02:56,31.0,0.0,31.0,31.0,84.4,0.0,84.4,84.4
1970-01-01 00:02:57,31.0,0.0,31.0,31.0,84.4,0.0,84.4,84.4
1970-01-01 00:02:59,31.0,0.0,31.0,31.0,84.4,0.0,84.4,84.4
1970-01-01 00:00:14,31.0,0.0,31.0,31.0,83.8,0.0,83.8,83.8
1970-01-01 00:00:15,31.1,0.0,31.1,31.1,84.7,0.0,84.7,84.7
1970-01-01 00:00:16,31.0,0.0,31.0,31.0,84.6,0.0,84.6,84.6
1970-01-01 00:00:18,31.0,0.0,31.0,31.0,84.8,0.0,84.8,84.8
1970-01-01 00:00:19,31.0,0.0,31.0,31.0,84.7,0.0,84.7,84.7
1970-01-01 00:00:20,31.1,0.0,31.1,31.1,84.6,0.0,84.6,84.6
1970-01-01 00:00:21,31.0,0.0,31.0,31.0,84.6,0.0,84.6,84.6
1970-01-01 00:00:22,31.0,0.0,31.0,31.0,84.5,0.0,84.5,84.5
1970-01-01 00:00:23,31.0,0.0,31.0,31.0,84.5,0.0,84.5,84.5
1970-01-01 00:00:25,31.0,0.0,31.0,31.0,84.5,0.0,84.5,84.5
1970-01-01 00:00:26,31.0,0.0,31.0,31.0,84.7,0.0,84.7,84.7
1970-01-01 00:00:27,31.0,0.0,31.0,31.0,84.7,0.0,84.7,84.7
1970-01-01 00:00:28,0.0,0.0,0.0,0.0,0.0,0.0,0.0,0.0
1970-01-01 00:00:29,31.0,0.0,31.0,31.0,84.7,0.0,84.7,84.7
1970-01-01 00:00:30,31.0,0.0,31.0,31.0,84.6,0.0,84.6,84.6
1970-01-01 00:00:32,31.0,0.0,31.0,31.0,84.7,0.0,84.7,84.7
1970-01-01 00:00:33,31.0,0.0,31.0,31.0,84.6,0.0,84.6,84.6
1970-01-01 00:00:34,31.0,0.0,31.0,31.0,84.6,0.0,84.6,84.6
1970-01-01 00:00:35,31.1,0.0,31.1,31.1,84.7,0.0,84.7,84.7
1970-01-01 00:00:37,31.0,0.0,31.0,31.0,84.5,0.0,84.5,84.5
1970-01-01 00:00:38,0.0,0.0,0.0,0.0,0.0,0.0,0.0,0.0
1970-01-01 00:00:39,31.0,0.0,31.0,31.0,84.4,0.0,84.4,84.4
1970-01-01 00:00:40,31.0,0.0,31.0,31.0,84.5,0.0,84.5,84.5
1970-01-01 00:00:42,31.0,0.0,31.0,31.0,84.5,0.0,84.5,84.5
1970-01-01 00:00:43,31.1,0.0,31.1,31.1,84.5,0.0,84.5,84.5
1970-01-01 00:00:44,31.1,0.0,31.1,31.1,84.5,0.0,84.5,84.5
1970-01-01 00:00:45,31.0,0.0,31.0,31.0,84.5,0.0,84.5,84.5
1970-01-01 00:00:47,31.0,0.0,31.0,31.0,84.5,0.0,84.5,84.5
1970-01-01 00:00:48,31.0,0.0,31.0,31.0,84.5,0.0,84.5,84.5
1970-01-01 00:00:49,31.0,0.0,31.0,31.0,84.5,0.0,84.5,84.5
1970-01-01 00:00:50,31.0,0.0,31.0,31.0,84.5,0.0,84.5,84.5
1970-01-01 00:00:51,0.0,0.0,0.0,0.0,0.0,0.0,0.0,0.0
1970-01-01 00:00:52,31.1,0.0,31.1,31.1,84.8,0.0,84.8,84.8
1970-01-01 00:00:54,0.0,0.0,0.0,0.0,0.0,0.0,0.0,0.0
1970-01-01 00:00:55,31.0,0.0,31.0,31.0,85.0,0.0,85.0,85.0
1970-01-01 00:00:56,0.0,0.0,0.0,0.0,0.0,0.0,0.0,0.0
1970-01-01 00:00:57,31.0,0.0,31.0,31.0,86.5,0.0,86.5,86.5
1970-01-01 00:00:58,31.0,0.0,31.0,31.0,87.3,0.0,87.3,87.3
1970-01-01 00:01:00,31.0,0.0,31.0,31.0,87.6,0.0,87.6,87.6
1970-01-01 00:01:01,0.0,0.0,0.0,0.0,0.0,0.0,0.0,0.0
1970-01-01 00:01:02,31.1,0.0,31.1,31.1,86.6,0.0,86.6,86.6
1970-01-01 00:01:04,31.0,0.0,31.0,31.0,86.2,0.0,86.2,86.2
1970-01-01 00:01:05,31.1,0.0,31.1,31.1,86.0,0.0,86.0,86.0
1970-01-01 00:01:06,31.1,0.0,31.1,31.1,85.7,0.0,85.7,85.7
1970-01-01 00:01:07,31.0,0.0,31.0,31.0,85.5,0.0,85.5,85.5
1970-01-01 00:01:08,31.1,0.0,31.1,31.1,85.4,0.0,85.4,85.4
1970-01-01 00:01:10,31.1,0.0,31.1,31.1,85.4,0.0,85.4,85.4
1970-01-01 00:01:11,31.0,0.0,31.0,31.0,85.9,0.0,85.9,85.9
1970-01-01 00:01:15,31.1,0.0,31.1,31.1,86.3,0.0,86.3,86.3
1970-01-01 00:01:16,0.0,0.0,0.0,0.0,0.0,0.0,0.0,0.0
1970-01-01 00:01:18,31.1,0.0,31.1,31.1,84.9,0.0,84.9,84.9
1970-01-01 00:01:19,31.1,0.0,31.1,31.1,84.7,0.0,84.7,84.7
1970-01-01 00:01:20,31.1,0.0,31.1,31.1,84.7,0.0,84.7,84.7
1970-01-01 00:01:21,31.1,0.0,31.1,31.1,84.7,0.0,84.7,84.7
1970-01-01 00:01:22,0.0,0.0,0.0,0.0,0.0,0.0,0.0,0.0
1970-01-01 00:01:24,31.0,0.0,31.0,31.0,84.6,0.0,84.6,84.6
1970-01-01 00:01:25,31.1,0.0,31.1,31.1,84.8,0.0,84.8,84.8
1970-01-01 00:00:14,62.3,0.0,62.3,62.3,168.6,0.0,168.6,168.6
1970-01-01 00:00:15,31.0,0.0,31.0,31.0,84.5,0.0,84.5,84.5
1970-01-01 00:00:14,31.0,0.0,31.0,31.0,83.6,0.0,83.6,83.6
1970-01-01 00:00:16,31.0,0.0,31.0,31.0,85.3,0.0,85.3,85.3
1970-01-01 00:00:17,31.0,0.0,31.0,31.0,84.9,0.0,84.9,84.9
1970-01-01 00:00:18,31.0,0.0,31.0,31.0,84.8,0.0,84.8,84.8
1970-01-01 00:00:20,31.0,0.0,31.0,31.0,84.7,0.0,84.7,84.7
1970-01-01 00:00:21,31.0,0.0,31.0,31.0,84.6,0.0,84.6,84.6
1970-01-01 00:00:22,31.0,0.0,31.0,31.0,84.6,0.0,84.6,84.6
1970-01-01 00:00:23,31.0,0.0,31.0,31.0,84.5,0.0,84.5,84.5
1970-01-01 00:00:24,31.0,0.0,31.0,31.0,84.5,0.0,84.5,84.5
1970-01-01 00:00:26,31.0,0.0,31.0,31.0,84.6,0.0,84.6,84.6
1970-01-01 00:00:13,31.0,0.0,31.0,31.0,85.3,0.0,85.3,85.3
1970-01-01 00:00:14,31.0,0.0,31.0,31.0,85.4,0.0,85.4,85.4
1970-01-01 00:00:15,31.0,0.0,31.0,31.0,85.4,0.0,85.4,85.4
1970-01-01 00:00:17,31.0,0.0,31.0,31.0,85.2,0.0,85.2,85.2
1970-01-01 00:00:18,31.0,0.0,31.0,31.0,85.2,0.0,85.2,85.2
1970-01-01 00:00:19,31.0,0.0,31.0,31.0,85.2,0.0,85.2,85.2
1970-01-01 00:00:20,0.0,0.0,0.0,0.0,0.0,0.0,0.0,0.0
1970-01-01 00:00:22,31.0,0.0,31.0,31.0,86.2,0.0,86.2,86.2
1970-01-01 00:00:23,31.0,0.0,31.0,31.0,86.4,0.0,86.4,86.4
1970-01-01 00:00:24,30.9,0.0,30.9,30.9,86.7,0.0,86.7,86.7
1970-01-01 00:00:25,0.0,0.0,0.0,0.0,0.0,0.0,0.0,0.0
1970-01-01 00:00:26,30.9,0.0,30.9,30.9,86.0,0.0,86.0,86.0
1970-01-01 00:00:27,31.0,0.0,31.0,31.0,86.2,0.0,86.2,86.2
1970-01-01 00:00:29,31.0,0.0,31.0,31.0,86.0,0.0,86.0,86.0
1970-01-01 00:00:30,31.0,0.0,31.0,31.0,86.8,0.0,86.8,86.8
1970-01-01 00:00:31,30.9,0.0,30.9,30.9,87.5,0.0,87.5,87.5
1970-01-01 00:00:32,31.0,0.0,31.0,31.0,86.1,0.0,86.1,86.1
1970-01-01 00:00:34,31.0,0.0,31.0,31.0,85.7,0.0,85.7,85.7
1970-01-01 00:00:35,30.9,0.0,30.9,30.9,85.7,0.0,85.7,85.7
1970-01-01 00:00:14,30.9,0.0,30.9,30.9,86.2,0.0,86.2,86.2
1970-01-01 00:00:15,30.9,0.0,30.9,30.9,87.4,0.0,87.4,87.4
1970-01-01 00:00:16,0.0,0.0,0.0,0.0,0.0,0.0,0.0,0.0
1970-01-01 00:00:18,30.9,0.0,30.9,30.9,88.1,0.0,88.1,88.1
1970-01-01 00:00:19,61.9,0.0,61.9,61.9,177.0,0.0,177.0,177.0
1970-01-01 00:00:20,30.9,0.0,30.9,30.9,87.5,0.0,87.5,87.5
1970-01-01 00:00:21,0.0,0.0,0.0,0.0,0.0,0.0,0.0,0.0
1970-01-01 00:00:22,0.0,0.0,0.0,0.0,0.0,0.0,0.0,0.0
1970-01-01 00:00:23,30.9,0.0,30.9,30.9,86.6,0.0,86.6,86.6
1970-01-01 00:00:25,0.0,0.0,0.0,0.0,0.0,0.0,0.0,0.0
1970-01-01 00:00:26,30.9,0.0,30.9,30.9,85.9,0.0,85.9,85.9
1970-01-01 00:00:27,30.9,0.0,30.9,30.9,85.9,0.0,85.9,85.9
1970-01-01 00:00:29,30.9,0.0,30.9,30.9,86.0,0.0,86.0,86.0
1970-01-01 00:00:30,61.9,0.0,61.9,61.9,171.8,0.0,171.8,171.8
1970-01-01 00:00:31,30.9,0.0,30.9,30.9,85.7,0.0,85.7,85.7
1970-01-01 00:00:32,30.9,0.0,30.9,30.9,85.6,0.0,85.6,85.6
1970-01-01 00:00:33,0.0,0.0,0.0,0.0,0.0,0.0,0.0,0.0
1970-01-01 00:00:34,30.9,0.0,30.9,30.9,85.3,0.0,85.3,85.3
1970-01-01 00:00:36,30.9,0.0,30.9,30.9,85.2,0.0,85.2,85.2
1970-01-01 00:00:37,30.9,0.0,30.9,30.9,85.2,0.0,85.2,85.2
1970-01-01 00:00:38,0.0,0.0,0.0,0.0,0.0,0.0,0.0,0.0
1970-01-01 00:00:39,30.9,0.0,30.9,30.9,85.3,0.0,85.3,85.3
1970-01-01 00:00:41,30.9,0.0,30.9,30.9,85.4,0.0,85.4,85.4
1970-01-01 00:00:42,30.9,0.0,30.9,30.9,85.3,0.0,85.3,85.3
1970-01-01 00:00:44,30.9,0.0,30.9,30.9,85.1,0.0,85.1,85.1
